i,t,capcost,fom,vom,heatrate
Nuclear-SMR-TES_1,2010,9724.508215,129.5986335,3.415967332,10.455
Nuclear-SMR-TES_1,2011,9724.508215,129.5986335,3.415967332,10.455
Nuclear-SMR-TES_1,2012,9724.508215,129.5986335,3.415967332,10.455
Nuclear-SMR-TES_1,2013,9724.508215,129.5986335,3.415967332,10.455
Nuclear-SMR-TES_1,2014,9724.508215,129.5986335,3.415967332,10.455
Nuclear-SMR-TES_1,2015,9724.508215,129.5986335,3.415967332,10.455
Nuclear-SMR-TES_1,2016,9724.508215,129.5986335,3.415967332,10.455
Nuclear-SMR-TES_1,2017,9724.508215,129.5986335,3.415967332,10.455
Nuclear-SMR-TES_1,2018,9724.508215,129.5986335,3.415967332,10.455
Nuclear-SMR-TES_1,2019,9724.508215,129.5986335,3.415967332,10.455
Nuclear-SMR-TES_1,2020,9799.615997,128.9042058,3.37433865,10.455
Nuclear-SMR-TES_1,2021,10758.32964,128.304,3.3804,10.455
Nuclear-SMR-TES_1,2022,7599.940513,118,2.2,9.18
Nuclear-SMR-TES_1,2023,7509.302282,118,2.2,9.18
Nuclear-SMR-TES_1,2024,7418.66405,118,2.2,9.18
Nuclear-SMR-TES_1,2025,7328.025819,118,2.2,9.18
Nuclear-SMR-TES_1,2026,7237.387588,118,2.2,9.18
Nuclear-SMR-TES_1,2027,7146.749357,118,2.2,9.18
Nuclear-SMR-TES_1,2028,7056.111126,118,2.2,9.18
Nuclear-SMR-TES_1,2029,6965.472895,118,2.2,9.18
Nuclear-SMR-TES_1,2030,6874.834663,118,2.2,9.18
Nuclear-SMR-TES_1,2031,6415.213475,118,2.2,9.18
Nuclear-SMR-TES_1,2032,5955.592286,118,2.2,9.18
Nuclear-SMR-TES_1,2033,5495.971098,118,2.2,9.18
Nuclear-SMR-TES_1,2034,5036.349909,118,2.2,9.18
Nuclear-SMR-TES_1,2035,4576.728721,118,2.2,9.18
Nuclear-SMR-TES_1,2036,4417.107532,118,2.2,9.18
Nuclear-SMR-TES_1,2037,4257.486344,118,2.2,9.18
Nuclear-SMR-TES_1,2038,4097.865155,118,2.2,9.18
Nuclear-SMR-TES_1,2039,3938.243967,118,2.2,9.18
Nuclear-SMR-TES_1,2040,3778.622778,118,2.2,9.18
Nuclear-SMR-TES_1,2041,3719.00159,118,2.2,9.18
Nuclear-SMR-TES_1,2042,3659.380401,118,2.2,9.18
Nuclear-SMR-TES_1,2043,3599.759213,118,2.2,9.18
Nuclear-SMR-TES_1,2044,3540.138024,118,2.2,9.18
Nuclear-SMR-TES_1,2045,3480.516836,118,2.2,9.18
Nuclear-SMR-TES_1,2046,3420.895647,118,2.2,9.18
Nuclear-SMR-TES_1,2047,3361.274458,118,2.2,9.18
Nuclear-SMR-TES_1,2048,3301.65327,118,2.2,9.18
Nuclear-SMR-TES_1,2049,3242.032081,118,2.2,9.18
Nuclear-SMR-TES_1,2050,3182.410893,118,2.2,9.18
Nuclear-SMR-TES_2,2010,9858.854506,129.5986335,3.415967332,10.455
Nuclear-SMR-TES_2,2011,9858.854506,129.5986335,3.415967332,10.455
Nuclear-SMR-TES_2,2012,9858.854506,129.5986335,3.415967332,10.455
Nuclear-SMR-TES_2,2013,9858.854506,129.5986335,3.415967332,10.455
Nuclear-SMR-TES_2,2014,9858.854506,129.5986335,3.415967332,10.455
Nuclear-SMR-TES_2,2015,9858.854506,129.5986335,3.415967332,10.455
Nuclear-SMR-TES_2,2016,9858.854506,129.5986335,3.415967332,10.455
Nuclear-SMR-TES_2,2017,9858.854506,129.5986335,3.415967332,10.455
Nuclear-SMR-TES_2,2018,9858.854506,129.5986335,3.415967332,10.455
Nuclear-SMR-TES_2,2019,9858.854506,129.5986335,3.415967332,10.455
Nuclear-SMR-TES_2,2020,9933.962288,128.9042058,3.37433865,10.455
Nuclear-SMR-TES_2,2021,10892.67593,128.304,3.3804,10.455
Nuclear-SMR-TES_2,2022,7734.286804,118,2.2,9.18
Nuclear-SMR-TES_2,2023,7637.84988,118,2.2,9.18
Nuclear-SMR-TES_2,2024,7541.412956,118,2.2,9.18
Nuclear-SMR-TES_2,2025,7444.976032,118,2.2,9.18
Nuclear-SMR-TES_2,2026,7348.539108,118,2.2,9.18
Nuclear-SMR-TES_2,2027,7252.102184,118,2.2,9.18
Nuclear-SMR-TES_2,2028,7155.665259,118,2.2,9.18
Nuclear-SMR-TES_2,2029,7059.228335,118,2.2,9.18
Nuclear-SMR-TES_2,2030,6962.791411,118,2.2,9.18
Nuclear-SMR-TES_2,2031,6502.554695,118,2.2,9.18
Nuclear-SMR-TES_2,2032,6042.317979,118,2.2,9.18
Nuclear-SMR-TES_2,2033,5582.081263,118,2.2,9.18
Nuclear-SMR-TES_2,2034,5121.844547,118,2.2,9.18
Nuclear-SMR-TES_2,2035,4661.607831,118,2.2,9.18
Nuclear-SMR-TES_2,2036,4501.371115,118,2.2,9.18
Nuclear-SMR-TES_2,2037,4341.134399,118,2.2,9.18
Nuclear-SMR-TES_2,2038,4180.897684,118,2.2,9.18
Nuclear-SMR-TES_2,2039,4020.660968,118,2.2,9.18
Nuclear-SMR-TES_2,2040,3860.424252,118,2.2,9.18
Nuclear-SMR-TES_2,2041,3800.187536,118,2.2,9.18
Nuclear-SMR-TES_2,2042,3739.95082,118,2.2,9.18
Nuclear-SMR-TES_2,2043,3679.714104,118,2.2,9.18
Nuclear-SMR-TES_2,2044,3619.477388,118,2.2,9.18
Nuclear-SMR-TES_2,2045,3559.240672,118,2.2,9.18
Nuclear-SMR-TES_2,2046,3499.003956,118,2.2,9.18
Nuclear-SMR-TES_2,2047,3438.76724,118,2.2,9.18
Nuclear-SMR-TES_2,2048,3378.530524,118,2.2,9.18
Nuclear-SMR-TES_2,2049,3318.293808,118,2.2,9.18
Nuclear-SMR-TES_2,2050,3258.057092,118,2.2,9.18
Nuclear-SMR-TES_3,2010,9993.200797,129.5986335,3.415967332,10.455
Nuclear-SMR-TES_3,2011,9993.200797,129.5986335,3.415967332,10.455
Nuclear-SMR-TES_3,2012,9993.200797,129.5986335,3.415967332,10.455
Nuclear-SMR-TES_3,2013,9993.200797,129.5986335,3.415967332,10.455
Nuclear-SMR-TES_3,2014,9993.200797,129.5986335,3.415967332,10.455
Nuclear-SMR-TES_3,2015,9993.200797,129.5986335,3.415967332,10.455
Nuclear-SMR-TES_3,2016,9993.200797,129.5986335,3.415967332,10.455
Nuclear-SMR-TES_3,2017,9993.200797,129.5986335,3.415967332,10.455
Nuclear-SMR-TES_3,2018,9993.200797,129.5986335,3.415967332,10.455
Nuclear-SMR-TES_3,2019,9993.200797,129.5986335,3.415967332,10.455
Nuclear-SMR-TES_3,2020,10068.30858,128.9042058,3.37433865,10.455
Nuclear-SMR-TES_3,2021,11027.02222,128.304,3.3804,10.455
Nuclear-SMR-TES_3,2022,7868.633095,118,2.2,9.18
Nuclear-SMR-TES_3,2023,7766.397478,118,2.2,9.18
Nuclear-SMR-TES_3,2024,7664.161861,118,2.2,9.18
Nuclear-SMR-TES_3,2025,7561.926244,118,2.2,9.18
Nuclear-SMR-TES_3,2026,7459.690627,118,2.2,9.18
Nuclear-SMR-TES_3,2027,7357.45501,118,2.2,9.18
Nuclear-SMR-TES_3,2028,7255.219393,118,2.2,9.18
Nuclear-SMR-TES_3,2029,7152.983776,118,2.2,9.18
Nuclear-SMR-TES_3,2030,7050.748159,118,2.2,9.18
Nuclear-SMR-TES_3,2031,6589.895916,118,2.2,9.18
Nuclear-SMR-TES_3,2032,6129.043672,118,2.2,9.18
Nuclear-SMR-TES_3,2033,5668.191429,118,2.2,9.18
Nuclear-SMR-TES_3,2034,5207.339185,118,2.2,9.18
Nuclear-SMR-TES_3,2035,4746.486942,118,2.2,9.18
Nuclear-SMR-TES_3,2036,4585.634699,118,2.2,9.18
Nuclear-SMR-TES_3,2037,4424.782455,118,2.2,9.18
Nuclear-SMR-TES_3,2038,4263.930212,118,2.2,9.18
Nuclear-SMR-TES_3,2039,4103.077968,118,2.2,9.18
Nuclear-SMR-TES_3,2040,3942.225725,118,2.2,9.18
Nuclear-SMR-TES_3,2041,3881.373482,118,2.2,9.18
Nuclear-SMR-TES_3,2042,3820.521238,118,2.2,9.18
Nuclear-SMR-TES_3,2043,3759.668995,118,2.2,9.18
Nuclear-SMR-TES_3,2044,3698.816752,118,2.2,9.18
Nuclear-SMR-TES_3,2045,3637.964508,118,2.2,9.18
Nuclear-SMR-TES_3,2046,3577.112265,118,2.2,9.18
Nuclear-SMR-TES_3,2047,3516.260021,118,2.2,9.18
Nuclear-SMR-TES_3,2048,3455.407778,118,2.2,9.18
Nuclear-SMR-TES_3,2049,3394.555535,118,2.2,9.18
Nuclear-SMR-TES_3,2050,3333.703291,118,2.2,9.18
Nuclear-SMR-TES_4,2010,10127.54709,129.5986335,3.415967332,10.455
Nuclear-SMR-TES_4,2011,10127.54709,129.5986335,3.415967332,10.455
Nuclear-SMR-TES_4,2012,10127.54709,129.5986335,3.415967332,10.455
Nuclear-SMR-TES_4,2013,10127.54709,129.5986335,3.415967332,10.455
Nuclear-SMR-TES_4,2014,10127.54709,129.5986335,3.415967332,10.455
Nuclear-SMR-TES_4,2015,10127.54709,129.5986335,3.415967332,10.455
Nuclear-SMR-TES_4,2016,10127.54709,129.5986335,3.415967332,10.455
Nuclear-SMR-TES_4,2017,10127.54709,129.5986335,3.415967332,10.455
Nuclear-SMR-TES_4,2018,10127.54709,129.5986335,3.415967332,10.455
Nuclear-SMR-TES_4,2019,10127.54709,129.5986335,3.415967332,10.455
Nuclear-SMR-TES_4,2020,10202.65487,128.9042058,3.37433865,10.455
Nuclear-SMR-TES_4,2021,11161.36851,128.304,3.3804,10.455
Nuclear-SMR-TES_4,2022,8002.979387,118,2.2,9.18
Nuclear-SMR-TES_4,2023,7894.945077,118,2.2,9.18
Nuclear-SMR-TES_4,2024,7786.910767,118,2.2,9.18
Nuclear-SMR-TES_4,2025,7678.876457,118,2.2,9.18
Nuclear-SMR-TES_4,2026,7570.842147,118,2.2,9.18
Nuclear-SMR-TES_4,2027,7462.807837,118,2.2,9.18
Nuclear-SMR-TES_4,2028,7354.773527,118,2.2,9.18
Nuclear-SMR-TES_4,2029,7246.739217,118,2.2,9.18
Nuclear-SMR-TES_4,2030,7138.704907,118,2.2,9.18
Nuclear-SMR-TES_4,2031,6677.237136,118,2.2,9.18
Nuclear-SMR-TES_4,2032,6215.769365,118,2.2,9.18
Nuclear-SMR-TES_4,2033,5754.301594,118,2.2,9.18
Nuclear-SMR-TES_4,2034,5292.833824,118,2.2,9.18
Nuclear-SMR-TES_4,2035,4831.366053,118,2.2,9.18
Nuclear-SMR-TES_4,2036,4669.898282,118,2.2,9.18
Nuclear-SMR-TES_4,2037,4508.430511,118,2.2,9.18
Nuclear-SMR-TES_4,2038,4346.96274,118,2.2,9.18
Nuclear-SMR-TES_4,2039,4185.494969,118,2.2,9.18
Nuclear-SMR-TES_4,2040,4024.027199,118,2.2,9.18
Nuclear-SMR-TES_4,2041,3962.559428,118,2.2,9.18
Nuclear-SMR-TES_4,2042,3901.091657,118,2.2,9.18
Nuclear-SMR-TES_4,2043,3839.623886,118,2.2,9.18
Nuclear-SMR-TES_4,2044,3778.156115,118,2.2,9.18
Nuclear-SMR-TES_4,2045,3716.688344,118,2.2,9.18
Nuclear-SMR-TES_4,2046,3655.220574,118,2.2,9.18
Nuclear-SMR-TES_4,2047,3593.752803,118,2.2,9.18
Nuclear-SMR-TES_4,2048,3532.285032,118,2.2,9.18
Nuclear-SMR-TES_4,2049,3470.817261,118,2.2,9.18
Nuclear-SMR-TES_4,2050,3409.34949,118,2.2,9.18
